FID_bd_ns_,AREA,PERIMETER,BOUNDARY_F,BOUNDARY_1,District,Province,Area2,X_centroid,Y_centroid,SimLnFLag,InLine_FID,POINT_X,POINT_Y
202,0.379,4.154,357,360,403,6,0.379712,86.8198,21.2996,0,1,87.02394241,20.73137698
202,0.379,4.154,357,360,403,6,0.379712,86.8198,21.2996,0,1,87.00924241,20.72837698
202,0.379,4.154,357,360,403,6,0.379712,86.8198,21.2996,0,2,87.00924241,20.72837698
202,0.379,4.154,357,360,403,6,0.379712,86.8198,21.2996,0,2,86.99164241,20.75457698
202,0.379,4.154,357,360,403,6,0.379712,86.8198,21.2996,0,3,86.99164241,20.75457698
202,0.379,4.154,357,360,403,6,0.379712,86.8198,21.2996,0,3,87.02394241,20.73137698
220,0.599,4.731,383,386,402,6,0.766645,86.2997,20.6371,0,4,86.99164241,20.75457698
220,0.599,4.731,383,386,402,6,0.766645,86.2997,20.6371,0,4,87.02394241,20.73137698
220,0.599,4.731,383,386,402,6,0.766645,86.2997,20.6371,0,5,86.98434241,20.76457698
220,0.599,4.731,383,386,402,6,0.766645,86.2997,20.6371,0,5,86.99164241,20.75457698
202,0.379,4.154,357,360,403,6,0.379712,86.8198,21.2996,1,6,86.98334241,20.76747698
202,0.379,4.154,357,360,403,6,0.379712,86.8198,21.2996,1,6,86.98434241,20.76457698
202,0.379,4.154,357,360,403,6,0.379712,86.8198,21.2996,1,7,86.98334241,20.76747698
202,0.379,4.154,357,360,403,6,0.379712,86.8198,21.2996,1,7,86.98434241,20.76457698
202,0.379,4.154,357,360,403,6,0.379712,86.8198,21.2996,1,7,86.98334241,20.76747698
202,0.379,4.154,357,360,403,6,0.379712,86.8198,21.2996,1,7,86.98134241,20.77037698
220,0.599,4.731,383,386,402,6,0.766645,86.2997,20.6371,1,8,86.98334241,20.76747698
220,0.599,4.731,383,386,402,6,0.766645,86.2997,20.6371,1,8,86.98434241,20.76457698
220,0.599,4.731,383,386,402,6,0.766645,86.2997,20.6371,1,8,86.98334241,20.76747698
220,0.599,4.731,383,386,402,6,0.766645,86.2997,20.6371,1,8,86.98134241,20.77037698
202,0.379,4.154,357,360,403,6,0.379712,86.8198,21.2996,1,9,86.98334241,20.76747698
202,0.379,4.154,357,360,403,6,0.379712,86.8198,21.2996,1,9,86.98134241,20.77037698
220,0.599,4.731,383,386,402,6,0.766645,86.2997,20.6371,0,10,86.97264241,20.79947698
220,0.599,4.731,383,386,402,6,0.766645,86.2997,20.6371,0,10,86.98134241,20.77037698
185,0.172,1.816,335,338,102,6,0.123833,88.0068,22.423,0,11,88.05244241,22.17297698
185,0.172,1.816,335,338,102,6,0.123833,88.0068,22.423,0,11,88.02334241,22.17377698
185,0.172,1.816,335,338,102,6,0.123833,88.0068,22.423,0,11,87.99354241,22.17467698
137,0.29,2.406,260,262,41,8,0.180926,72.6447,22.3834,1,12,72.41054241,22.30307698
137,0.29,2.406,260,262,41,8,0.180926,72.6447,22.3834,1,12,72.41344241,22.30997698
111,0.89,6.141,202,203,1,8,0.70716,72.1852,22.8073,1,13,72.41054241,22.30307698
111,0.89,6.141,202,203,1,8,0.70716,72.1852,22.8073,1,13,72.41344241,22.30997698
426,0,0,0,0,2,17,2.59413,68.7156,25.6894,0,14,69.07984241,24.30137698
426,0,0,0,0,2,17,2.59413,68.7156,25.6894,0,14,68.76964241,24.23327698
0,0,0,0,0,,,0,0,0,0,15,76.23414241,10.12987698
0,0,0,0,0,,,0,0,0,0,15,76.23164241,10.13167698
0,0,0,0,0,,,0,0,0,0,15,76.23414241,10.12987698
0,0,0,0,0,,,0,0,0,0,15,76.33304241,10.07667698
0,0,0,0,0,,,0,0,0,0,15,76.56744241,10.17827698
0,0,0,0,0,,,0,0,0,0,15,76.70804241,10.13917698
0,0,0,0,0,,,0,0,0,0,15,76.91904241,10.01417698
0,0,0,0,0,,,0,0,0,0,15,76.99714241,9.826676983
0,0,0,0,0,,,0,0,0,0,16,78.13004241,8.553176983
0,0,0,0,0,,,0,0,0,0,16,77.93474241,8.662576983
0,0,0,0,0,,,0,0,0,0,16,77.76284241,8.959476983
0,0,0,0,0,,,0,0,0,0,16,77.34874241,8.967276983
0,0,0,0,0,,,0,0,0,0,17,78.99724241,9.326676983
0,0,0,0,0,,,0,0,0,0,17,78.72384241,9.467276983
0,0,0,0,0,,,0,0,0,0,17,78.23154241,9.904776983
0,0,0,0,0,,,0,0,0,0,17,77.86434241,10.05327698
0,0,0,0,0,,,0,0,0,0,17,77.64564241,10.04547698
0,0,0,0,0,,,0,0,0,0,17,77.39564241,9.725176983
0,0,0,0,0,,,0,0,0,0,18,79.83324241,11.38927698
0,0,0,0,0,,,0,0,0,0,18,79.32544241,11.00647698
0,0,0,0,0,,,0,0,0,0,18,78.88004241,10.83457698
0,0,0,0,0,,,0,0,0,0,18,78.17694241,10.96737698
0,0,0,0,0,,,0,0,0,0,18,78.09094241,11.07677698
0,0,0,0,0,,,0,0,0,0,18,77.88784241,11.10017698
0,0,0,0,0,,,0,0,0,0,18,77.73154241,11.39707698
0,0,0,0,0,,,0,0,0,0,18,77.73154241,11.63927698
0,0,0,0,0,,,0,0,0,0,18,77.85654241,11.89717698
0,0,0,0,0,,,0,0,0,0,18,77.69244241,12.02997698
0,0,0,0,0,,,0,0,0,0,19,78.91134241,10.84237698
0,0,0,0,0,,,0,0,0,0,19,79.43484241,10.86587698
0,0,0,0,0,,,0,0,0,0,19,79.88014241,10.76427698
0,0,0,0,0,,,0,0,0,0,20,79.19264241,10.84237698
0,0,0,0,0,,,0,0,0,0,20,79.51294241,10.53767698
0,0,0,0,0,,,0,0,0,0,20,79.55194241,10.31887698
0,0,0,0,0,,,0,0,0,0,21,78.17694241,10.95957698
0,0,0,0,0,,,0,0,0,0,21,78.05184241,10.94397698
0,0,0,0,0,,,0,0,0,0,21,77.94254241,10.81117698
0,0,0,0,0,,,0,0,0,0,21,77.80184241,10.90487698
0,0,0,0,0,,,0,0,0,0,21,77.34094241,10.81117698
0,0,0,0,0,,,0,0,0,0,22,79.79424241,11.77837698
0,0,0,0,0,,,0,0,0,0,22,78.90354241,11.99717698
0,0,0,0,0,,,0,0,0,0,22,77.83314241,12.67687698
0,0,0,0,0,,,0,0,0,0,23,80.14574241,12.46607698
0,0,0,0,0,,,0,0,0,0,23,79.97394241,12.55207698
0,0,0,0,0,,,0,0,0,0,23,79.94264241,12.74737698
0,0,0,0,0,,,0,0,0,0,23,79.25514241,12.95047698
0,0,0,0,0,,,0,0,0,0,23,78.87224241,12.88797698
0,0,0,0,0,,,0,0,0,0,23,78.74724241,12.72387698
0,0,0,0,0,,,0,0,0,0,23,78.52064241,12.73167698
0,0,0,0,0,,,0,0,0,0,24,80.16144241,14.61477698
0,0,0,0,0,,,0,0,0,0,24,79.93484241,14.52097698
0,0,0,0,0,,,0,0,0,0,24,79.52854241,14.56787698
0,0,0,0,0,,,0,0,0,0,24,79.23944241,14.44287698
0,0,0,0,0,,,0,0,0,0,24,78.75504241,14.59127698
0,0,0,0,0,,,0,0,0,0,24,78.33314241,14.84917698
0,0,0,0,0,,,0,0,0,0,24,78.21594241,14.81787698
0,0,0,0,0,,,0,0,0,0,24,77.94254241,14.94287698
0,0,0,0,0,,,0,0,0,0,24,77.42684241,14.88037698
0,0,0,0,0,,,0,0,0,0,25,80.90024241,15.71657698
0,0,0,0,0,,,0,0,0,0,25,80.82214241,16.26347698
0,0,0,0,0,,,0,0,0,0,25,80.49394241,16.59157698
0,0,0,0,0,,,0,0,0,0,25,80.22054241,16.61507698
0,0,0,0,0,,,0,0,0,0,25,80.09554241,16.82597698
0,0,0,0,0,,,0,0,0,0,25,79.94704241,16.62287698
0,0,0,0,0,,,0,0,0,0,25,79.79084241,16.70877698
0,0,0,0,0,,,0,0,0,0,25,79.27514241,16.50567698
0,0,0,0,0,,,0,0,0,0,25,79.21264241,16.21657698
0,0,0,0,0,,,0,0,0,0,25,79.04074241,16.24787698
0,0,0,0,0,,,0,0,0,0,25,78.77514241,16.02907698
0,0,0,0,0,,,0,0,0,0,25,78.44694241,16.06817698
0,0,0,0,0,,,0,0,0,0,25,78.24724241,15.95787698
0,0,0,0,0,,,0,0,0,0,25,78.23494241,15.94387698
0,0,0,0,0,,,0,0,0,0,25,77.74384241,16.33377698
0,0,0,0,0,,,0,0,0,0,25,77.23594241,16.40407698
0,0,0,0,0,,,0,0,0,0,25,77.01724241,16.55257698
0,0,0,0,0,,,0,0,0,0,25,76.27494241,16.15407698
0,0,0,0,0,,,0,0,0,0,25,76.11874241,16.16967698
0,0,0,0,0,,,0,0,0,0,25,75.61864241,16.45877698
0,0,0,0,0,,,0,0,0,0,26,78.24724241,15.95787698
0,0,0,0,0,,,0,0,0,0,26,78.23494241,15.94387698
0,0,0,0,0,,,0,0,0,0,26,78.11234241,15.83247698
0,0,0,0,0,,,0,0,0,0,26,77.17474241,15.94707698
0,0,0,0,0,,,0,0,0,0,26,76.81014241,15.51997698
0,0,0,0,0,,,0,0,0,0,26,75.90384241,15.11367698
0,0,0,0,0,,,0,0,0,0,26,75.85174241,15.03027698
0,0,0,0,0,,,0,0,0,0,27,76.00804241,16.22827698
0,0,0,0,0,,,0,0,0,0,27,75.78924241,15.90537698
0,0,0,0,0,,,0,0,0,0,27,75.23714241,15.98867698
0,0,0,0,0,,,0,0,0,0,27,75.13294241,15.82207698
0,0,0,0,0,,,0,0,0,0,27,74.90374241,15.74907698
0,0,0,0,0,,,0,0,0,0,28,77.26854241,16.42627698
0,0,0,0,0,,,0,0,0,0,28,76.76844241,17.13467698
0,0,0,0,0,,,0,0,0,0,28,76.63304241,17.08257698
0,0,0,0,0,,,0,0,0,0,28,76.32054241,17.14507698
0,0,0,0,0,,,0,0,0,0,28,75.76844241,17.35337698
0,0,0,0,0,,,0,0,0,0,28,75.48714241,17.66587698
0,0,0,0,0,,,0,0,0,0,28,75.42464241,17.85337698
0,0,0,0,0,,,0,0,0,0,28,75.27884241,17.83257698
0,0,0,0,0,,,0,0,0,0,28,75.31004241,17.93677698
0,0,0,0,0,,,0,0,0,0,28,75.13294241,18.04097698
0,0,0,0,0,,,0,0,0,0,28,75.20584241,18.15557698
0,0,0,0,0,,,0,0,0,0,28,75.14334241,18.20757698
0,0,0,0,0,,,0,0,0,0,28,74.89334241,18.24927698
0,0,0,0,0,,,0,0,0,0,28,74.65374241,18.48887698
0,0,0,0,0,,,0,0,0,0,28,74.17454241,18.66597698
0,0,0,0,0,,,0,0,0,0,29,81.74794241,16.34287698
0,0,0,0,0,,,0,0,0,0,29,81.86254241,16.59287698
0,0,0,0,0,,,0,0,0,0,29,81.62294241,17.37417698
0,0,0,0,0,,,0,0,0,0,29,81.21674241,17.58257698
0,0,0,0,0,,,0,0,0,0,29,80.91454241,17.63467698
0,0,0,0,0,,,0,0,0,0,29,80.89374241,17.96797698
0,0,0,0,0,,,0,0,0,0,29,80.51874241,18.29097698
0,0,0,0,0,,,0,0,0,0,29,80.40414241,18.59307698
0,0,0,0,0,,,0,0,0,0,29,80.26874241,18.73887698
0,0,0,0,0,,,0,0,0,0,29,80.19584241,18.69727698
0,0,0,0,0,,,0,0,0,0,29,79.91654241,18.81387698
0,0,0,0,0,,,0,0,0,0,29,79.87284241,18.86387698
0,0,0,0,0,,,0,0,0,0,29,79.81034241,18.70767698
0,0,0,0,0,,,0,0,0,0,29,79.71664241,18.69727698
0,0,0,0,0,,,0,0,0,0,29,79.40404241,18.87427698
0,0,0,0,0,,,0,0,0,0,29,79.32074241,18.81177698
0,0,0,0,0,,,0,0,0,0,29,78.97694241,19.09307698
0,0,0,0,0,,,0,0,0,0,29,78.31024241,18.92637698
0,0,0,0,0,,,0,0,0,0,29,78.29984241,18.98887698
0,0,0,0,0,,,0,0,0,0,29,78.18524241,18.98887698
0,0,0,0,0,,,0,0,0,0,29,77.90394241,18.81177698
0,0,0,0,0,,,0,0,0,0,29,77.67474241,18.87427698
0,0,0,0,0,,,0,0,0,0,29,77.26854241,19.15557698
0,0,0,0,0,,,0,0,0,0,29,76.74764241,18.98887698
0,0,0,0,0,,,0,0,0,0,29,76.45594241,19.08267698
0,0,0,0,0,,,0,0,0,0,29,75.90384241,19.42647698
0,0,0,0,0,,,0,0,0,0,29,75.59134241,19.42647698
0,0,0,0,0,,,0,0,0,0,29,75.16424241,19.60357698
0,0,0,0,0,,,0,0,0,0,29,74.89334241,19.58267698
0,0,0,0,0,,,0,0,0,0,29,74.09124241,20.07227698
0,0,0,0,0,,,0,0,0,0,29,73.67454241,20.04107698
0,0,0,0,0,,,0,0,0,0,30,74.92464241,19.56187698
0,0,0,0,0,,,0,0,0,0,30,74.75794241,19.52017698
0,0,0,0,0,,,0,0,0,0,30,74.58084241,19.29097698
0,0,0,0,0,,,0,0,0,0,30,74.19534241,19.19727698
0,0,0,0,0,,,0,0,0,0,30,73.92454241,19.30147698
0,0,0,0,0,,,0,0,0,0,31,77.84144241,18.81177698
0,0,0,0,0,,,0,0,0,0,31,77.73734241,18.49927698
0,0,0,0,0,,,0,0,0,0,31,77.93524241,18.13467698
0,0,0,0,0,,,0,0,0,0,31,78.15394241,18.07217698
0,0,0,0,0,,,0,0,0,0,31,78.18524241,17.95757698
0,0,0,0,0,,,0,0,0,0,31,78.14354241,17.71797698
0,0,0,0,0,,,0,0,0,0,31,77.97694241,17.61377698
0,0,0,0,0,,,0,0,0,0,31,75.58094241,18.48887698
0,0,0,0,0,,,0,0,0,0,32,79.91454241,18.80987698
0,0,0,0,0,,,0,0,0,0,32,79.91654241,18.81387698
0,0,0,0,0,,,0,0,0,0,32,79.95624241,19.00777698
0,0,0,0,0,,,0,0,0,0,32,79.86244241,19.13277698
0,0,0,0,0,,,0,0,0,0,32,79.96664241,19.38277698
0,0,0,0,0,,,0,0,0,0,32,79.74784241,19.79947698
0,0,0,0,0,,,0,0,0,0,32,79.75824241,19.98697698
0,0,0,0,0,,,0,0,0,0,32,79.97704241,19.98697698
0,0,0,0,0,,,0,0,0,0,32,79.95624241,20.61207698
0,0,0,0,0,,,0,0,0,0,32,79.69574241,20.98707698
0,0,0,0,0,,,0,0,0,0,32,79.24784241,21.41417698
0,0,0,0,0,,,0,0,0,0,33,79.79994241,19.61197698
0,0,0,0,0,,,0,0,0,0,33,79.57074241,19.49737698
0,0,0,0,0,,,0,0,0,0,33,79.40404241,19.85157698
0,0,0,0,0,,,0,0,0,0,33,79.14364241,19.89327698
0,0,0,0,0,,,0,0,0,0,33,78.86234241,19.74737698
0,0,0,0,0,,,0,0,0,0,33,78.59154241,19.79947698
0,0,0,0,0,,,0,0,0,0,33,78.50814241,19.95577698
0,0,0,0,0,,,0,0,0,0,33,78.36234241,20.02867698
0,0,0,0,0,,,0,0,0,0,33,78.23734241,20.00787698
0,0,0,0,0,,,0,0,0,0,33,78.24774241,19.91407698
0,0,0,0,0,,,0,0,0,0,33,78.13314241,19.98697698
0,0,0,0,0,,,0,0,0,0,33,77.99774241,19.83077698
0,0,0,0,0,,,0,0,0,0,33,78.29984241,19.64317698
0,0,0,0,0,,,0,0,0,0,33,78.12274241,19.42447698
0,0,0,0,0,,,0,0,0,0,33,77.96644241,19.66407698
0,0,0,0,0,,,0,0,0,0,33,77.79984241,19.51817698
0,0,0,0,0,,,0,0,0,0,33,77.73734241,19.72657698
0,0,0,0,0,,,0,0,0,0,33,77.49774241,19.77867698
0,0,0,0,0,,,0,0,0,0,33,77.27894241,20.05987698
0,0,0,0,0,,,0,0,0,0,33,76.99764241,20.25787698
0,0,0,0,0,,,0,0,0,0,34,83.98154241,18.24757698
0,0,0,0,0,,,0,0,0,0,34,83.82524241,18.41427698
0,0,0,0,0,,,0,0,0,0,34,83.76274241,18.71637698
0,0,0,0,0,,,0,0,0,0,34,83.55444241,18.94557698
0,0,0,0,0,,,0,0,0,0,34,83.49194241,19.26847698
0,0,0,0,0,,,0,0,0,0,34,83.53354241,19.70597698
0,0,0,0,0,,,0,0,0,0,34,83.34604241,19.92477698
0,0,0,0,0,,,0,0,0,0,35,84.27324241,18.48717698
0,0,0,0,0,,,0,0,0,0,35,84.08574241,18.53927698
0,0,0,0,0,,,0,0,0,0,35,83.95024241,19.28927698
0,0,0,0,0,,,0,0,0,0,35,83.96074241,19.48727698
0,0,0,0,0,,,0,0,0,0,35,84.24194241,19.69557698
0,0,0,0,0,,,0,0,0,0,36,81.86684241,16.58057698
0,0,0,0,0,,,0,0,0,0,36,82.08554241,16.45557698
0,0,0,0,0,,,0,0,0,0,37,81.81474241,16.86187698
0,0,0,0,0,,,0,0,0,0,37,81.91894241,16.71597698
0,0,0,0,0,,,0,0,0,0,37,82.34604241,16.69517698
0,0,0,0,0,,,0,0,0,0,38,86.75284241,20.39377698
0,0,0,0,0,,,0,0,0,0,38,85.85694241,20.47707698
0,0,0,0,0,,,0,0,0,0,38,85.30484241,20.35207698
0,0,0,0,0,,,0,0,0,0,38,84.58604241,20.65417698
0,0,0,0,0,,,0,0,0,0,38,84.25264241,20.89377698
0,0,0,0,0,,,0,0,0,0,38,84.03394241,20.80007698
0,0,0,0,0,,,0,0,0,0,38,83.86724241,20.93547698
0,0,0,0,0,,,0,0,0,0,38,83.98184241,21.45627698
0,0,0,0,0,,,0,0,0,0,38,83.59634241,21.75837698
0,0,0,0,0,,,0,0,0,0,38,83.49224241,21.67507698
0,0,0,0,0,,,0,0,0,0,38,82.30464241,21.69587698
0,0,0,0,0,,,0,0,0,0,38,81.90874241,21.31047698
0,0,0,0,0,,,0,0,0,0,39,82.33584241,21.69587698
0,0,0,0,0,,,0,0,0,0,39,82.11714241,21.84177698
0,0,0,0,0,,,0,0,0,0,39,81.96084241,21.84177698
0,0,0,0,0,,,0,0,0,0,39,81.35664241,21.55007698
0,0,0,0,0,,,0,0,0,0,39,81.05454241,21.65427698
0,0,0,0,0,,,0,0,0,0,40,86.95074241,20.76877698
0,0,0,0,0,,,0,0,0,0,40,86.45074241,20.61247698
0,0,0,0,0,,,0,0,0,0,40,86.08614241,20.89377698
0,0,0,0,0,,,0,0,0,0,40,85.78404241,20.88337698
0,0,0,0,0,,,0,0,0,0,40,85.64864241,20.69587698
0,0,0,0,0,,,0,0,0,0,40,85.37774241,20.81047698
0,0,0,0,0,,,0,0,0,0,40,85.19024241,21.05007698
0,0,0,0,0,,,0,0,0,0,40,85.17984241,21.26877698
0,0,0,0,0,,,0,0,0,0,40,84.96104241,21.85217698
0,0,0,0,0,,,0,0,0,0,40,84.96104241,22.09177698
0,0,0,0,0,,,0,0,0,0,40,84.79434241,22.26887698
0,0,0,0,0,,,0,0,0,0,40,84.64854241,22.27927698
0,0,0,0,0,,,0,0,0,0,40,84.29434241,22.50847698
0,0,0,0,0,,,0,0,0,0,40,84.40894241,22.61267698
0,0,0,0,0,,,0,0,0,0,40,84.37764241,23.00847698
0,0,0,0,0,,,0,0,0,0,41,84.83604241,22.26887698
0,0,0,0,0,,,0,0,0,0,41,85.15894241,22.42517698
0,0,0,0,0,,,0,0,0,0,41,85.22154241,22.62307698
0,0,0,0,0,,,0,0,0,0,41,85.09644241,22.58137698
0,0,0,0,0,,,0,0,0,0,41,85.03394241,22.74807698
0,0,0,0,0,,,0,0,0,0,41,84.74234241,22.97727698
0,0,0,0,0,,,0,0,0,0,42,87.98234241,22.08177698
0,0,0,0,0,,,0,0,0,0,42,87.70114241,22.47757698
0,0,0,0,0,,,0,0,0,0,42,87.28444241,22.50887698
0,0,0,0,0,,,0,0,0,0,42,86.66974241,23.11307698
0,0,0,0,0,,,0,0,0,0,42,86.54474241,23.13387698
0,0,0,0,0,,,0,0,0,0,43,88.05524241,22.17547698
0,0,0,0,0,,,0,0,0,0,43,88.11774241,22.45677698
0,0,0,0,0,,,0,0,0,0,43,88.36784241,22.57137698
0,0,0,0,0,,,0,0,0,0,43,88.49284241,23.10267698
0,0,0,0,0,,,0,0,0,0,43,88.38864241,23.23807698
0,0,0,0,0,,,0,0,0,0,43,88.36784241,23.54017698
0,0,0,0,0,,,0,0,0,0,43,88.21154241,23.67557698
0,0,0,0,0,,,0,0,0,0,43,88.25324241,24.18607698
0,0,0,0,0,,,0,0,0,0,43,87.89904241,24.88407698
0,0,0,0,0,,,0,0,0,0,43,87.96154241,24.94657698
0,0,0,0,0,,,0,0,0,0,43,87.91984241,25.01947698
0,0,0,0,0,,,0,0,0,0,43,87.52404241,25.38407698
0,0,0,0,0,,,0,0,0,0,43,87.35734241,25.41527698
0,0,0,0,0,,,0,0,0,0,43,87.12814241,25.22777698
0,0,0,0,0,,,0,0,0,0,43,86.82604241,25.35277698
0,0,0,0,0,,,0,0,0,0,43,86.66974241,25.27987698
0,0,0,0,0,,,0,0,0,0,43,86.54474241,25.48827698
0,0,0,0,0,,,0,0,0,0,43,86.46144241,25.46737698
0,0,0,0,0,,,0,0,0,0,43,86.44054241,25.32157698
0,0,0,0,0,,,0,0,0,0,43,86.20104241,25.30067698
0,0,0,0,0,,,0,0,0,0,43,85.83634241,25.54027698
0,0,0,0,0,,,0,0,0,0,43,85.64884241,25.50907698
0,0,0,0,0,,,0,0,0,0,43,85.21864241,25.63007698
0,0,0,0,0,,,0,0,0,0,43,85.11834241,25.64027698
0,0,0,0,0,,,0,0,0,0,43,85.07144241,25.76917698
0,0,0,0,0,,,0,0,0,0,43,84.49004241,25.67847698
0,0,0,0,0,,,0,0,0,0,43,84.39404241,25.75847698
0,0,0,0,0,,,0,0,0,0,43,84.26604241,25.66787698
0,0,0,0,0,,,0,0,0,0,43,84.07404241,25.72117698
0,0,0,0,0,,,0,0,0,0,43,83.88204241,25.53987698
0,0,0,0,0,,,0,0,0,0,43,83.64204241,25.59847698
0,0,0,0,0,,,0,0,0,0,43,83.52464241,25.51317698
0,0,0,0,0,,,0,0,0,0,43,83.55664241,25.40647698
0,0,0,0,0,,,0,0,0,0,43,83.18334241,25.51317698
0,0,0,0,0,,,0,0,0,0,43,83.18864241,25.36917698
0,0,0,0,0,,,0,0,0,0,43,83.00734241,25.30517698
0,0,0,0,0,,,0,0,0,0,43,83.00194241,25.19847698
0,0,0,0,0,,,0,0,0,0,43,82.83124241,25.10247698
0,0,0,0,0,,,0,0,0,0,43,82.65524241,25.21447698
0,0,0,0,0,,,0,0,0,0,43,82.53204241,25.14517698
0,0,0,0,0,,,0,0,0,0,43,82.28674241,25.27317698
0,0,0,0,0,,,0,0,0,0,43,82.24404241,25.17717698
0,0,0,0,0,,,0,0,0,0,43,82.18534241,25.30517698
0,0,0,0,0,,,0,0,0,0,43,81.94534241,25.32117698
0,0,0,0,0,,,0,0,0,0,43,81.89944241,25.41717698
0,0,0,0,0,,,0,0,0,0,43,81.90804241,25.49187698
0,0,0,0,0,,,0,0,0,0,43,81.46004241,25.63047698
0,0,0,0,0,,,0,0,0,0,43,81.01194241,26.06257698
0,0,0,0,0,,,0,0,0,0,43,80.82534241,26.00917698
0,0,0,0,0,,,0,0,0,0,43,80.68664241,26.11057698
0,0,0,0,0,,,0,0,0,0,43,79.53984241,27.56667698
0,0,0,0,0,,,0,0,0,0,43,79.19854241,27.69997698
0,0,0,0,0,,,0,0,0,0,43,79.13454241,27.82267698
0,0,0,0,0,,,0,0,0,0,43,78.62744241,28.00417698
0,0,0,0,0,,,0,0,0,0,43,78.29674241,28.31347698
0,0,0,0,0,,,0,0,0,0,43,78.08344241,28.99617698
0,0,0,0,0,,,0,0,0,0,43,78.10474241,29.31087698
0,0,0,0,0,,,0,0,0,0,43,77.99274241,29.51357698
0,0,0,0,0,,,0,0,0,0,43,78.04604241,29.65757698
0,0,0,0,0,,,0,0,0,0,43,78.20074241,29.71087698
0,0,0,0,0,,,0,0,0,0,43,78.16874241,29.95097698
0,0,0,0,0,,,0,0,0,0,43,78.33944241,30.13757698
0,0,0,0,0,,,0,0,0,0,43,78.55814241,30.05227698
0,0,0,0,0,,,0,0,0,0,43,78.69684241,30.23367698
0,0,0,0,0,,,0,0,0,0,43,78.78744241,30.22827698
0,0,0,0,0,,,0,0,0,0,44,88.02274241,22.16867698
0,0,0,0,0,,,0,0,0,0,44,88.02334241,22.17377698
0,0,0,0,0,,,0,0,0,0,44,87.87864241,22.55807698
0,0,0,0,0,,,0,0,0,0,44,87.97474241,23.16607698
0,0,0,0,0,,,0,0,0,0,44,86.91324241,23.66747698
0,0,0,0,0,,,0,0,0,0,44,86.07054241,23.70477698
0,0,0,0,0,,,0,0,0,0,45,86.90794241,23.67277698
0,0,0,0,0,,,0,0,0,0,45,86.55064241,24.00877698
0,0,0,0,0,,,0,0,0,0,45,86.27324241,24.09417698
0,0,0,0,0,,,0,0,0,0,46,88.11874241,24.51027698
0,0,0,0,0,,,0,0,0,0,46,88.47074241,24.33427698
0,0,0,0,0,,,0,0,0,0,46,88.69474241,24.31297698
0,0,0,0,0,,,0,0,0,0,46,88.73644241,24.17987698
0,0,0,0,0,,,0,0,0,0,46,88.97214241,24.13157698
0,0,0,0,0,,,0,0,0,0,46,89.09474241,23.97697698
0,0,0,0,0,,,0,0,0,0,46,89.35074241,23.87557698
0,0,0,0,0,,,0,0,0,0,46,89.79884241,23.77427698
0,0,0,0,0,,,0,0,0,0,46,90.18174241,23.49667698
0,0,0,0,0,,,0,0,0,0,46,90.62024241,23.25687698
0,0,0,0,0,,,0,0,0,0,46,90.55084241,23.02217698
0,0,0,0,0,,,0,0,0,0,46,90.75884241,22.82487698
0,0,0,0,0,,,0,0,0,0,46,90.93374241,22.49947698
0,0,0,0,0,,,0,0,0,0,47,90.76304241,22.82487698
0,0,0,0,0,,,0,0,0,0,47,91.02444241,22.78747698
0,0,0,0,0,,,0,0,0,0,47,91.19514241,22.62217698
0,0,0,0,0,,,0,0,0,0,48,91.05114241,22.78217698
0,0,0,0,0,,,0,0,0,0,48,91.42444241,22.72347698
0,0,0,0,0,,,0,0,0,0,49,90.18174241,23.49667698
0,0,0,0,0,,,0,0,0,0,49,90.26174241,23.30487698
0,0,0,0,0,,,0,0,0,0,49,90.20834241,23.18757698
0,0,0,0,0,,,0,0,0,0,49,90.32574241,23.10217698
0,0,0,0,0,,,0,0,0,0,49,90.33104241,22.85687698
0,0,0,0,0,,,0,0,0,0,49,90.62974241,22.48347698
0,0,0,0,0,,,0,0,0,0,49,90.55484241,22.17437698
0,0,0,0,0,,,0,0,0,0,49,90.46444241,21.86477698
0,0,0,0,0,,,0,0,0,0,50,90.55484241,22.17437698
0,0,0,0,0,,,0,0,0,0,50,90.60304241,21.89147698
0,0,0,0,0,,,0,0,0,0,51,88.73644241,24.17987698
0,0,0,0,0,,,0,0,0,0,51,88.74164241,23.98227698
0,0,0,0,0,,,0,0,0,0,51,88.57624241,23.72627698
0,0,0,0,0,,,0,0,0,0,51,88.64564241,23.56627698
0,0,0,0,0,,,0,0,0,0,51,88.81094241,23.42757698
0,0,0,0,0,,,0,0,0,0,51,89.06164241,23.36357698
0,0,0,0,0,,,0,0,0,0,51,89.60034241,22.83547698
0,0,0,0,0,,,0,0,0,0,51,89.54704241,22.60087698
0,0,0,0,0,,,0,0,0,0,51,89.63234241,22.35017698
0,0,0,0,0,,,0,0,0,0,51,89.54704241,21.81677698
0,0,0,0,0,,,0,0,0,0,52,88.68294241,22.02477698
0,0,0,0,0,,,0,0,0,0,52,88.69894241,22.51547698
0,0,0,0,0,,,0,0,0,0,52,88.69894241,22.52087698
0,0,0,0,0,,,0,0,0,0,53,89.09364241,21.91807698
0,0,0,0,0,,,0,0,0,0,53,88.88034241,22.37147698
0,0,0,0,0,,,0,0,0,0,53,88.87494241,22.53687698
0,0,0,0,0,,,0,0,0,0,54,89.88304241,22.05677698
0,0,0,0,0,,,0,0,0,0,54,89.85634241,22.29147698
0,0,0,0,0,,,0,0,0,0,54,90.01104241,22.48887698
0,0,0,0,0,,,0,0,0,0,54,90.01634241,22.64347698
0,0,0,0,0,,,0,0,0,0,54,89.89904241,22.95287698
0,0,0,0,0,,,0,0,0,0,54,89.56834241,23.39557698
0,0,0,0,0,,,0,0,0,0,54,89.39234241,23.85427698
0,0,0,0,0,,,0,0,0,0,55,90.54444241,23.33687698
0,0,0,0,0,,,0,0,0,0,55,90.54974241,23.56627698
0,0,0,0,0,,,0,0,0,0,55,90.32574241,23.64627698
0,0,0,0,0,,,0,0,0,0,55,90.20834241,23.82227698
0,0,0,0,0,,,0,0,0,0,55,90.06434241,23.82757698
0,0,0,0,0,,,0,0,0,0,55,89.95234241,23.99297698
0,0,0,0,0,,,0,0,0,0,56,90.56574241,23.55557698
0,0,0,0,0,,,0,0,0,0,56,90.70974241,23.68887698
0,0,0,0,0,,,0,0,0,0,56,90.75244241,23.87027698
0,0,0,0,0,,,0,0,0,0,56,90.90714241,23.88627698
0,0,0,0,0,,,0,0,0,0,56,91.01374241,24.05697698
0,0,0,0,0,,,0,0,0,0,56,90.96044241,24.57967698
0,0,0,0,0,,,0,0,0,0,57,91.00314241,24.17427698
0,0,0,0,0,,,0,0,0,0,57,91.04044241,24.25427698
0,0,0,0,0,,,0,0,0,0,57,91.17374241,24.26497698
0,0,0,0,0,,,0,0,0,0,57,91.14714241,24.48367698
0,0,0,0,0,,,0,0,0,0,57,91.31774241,24.63297698
0,0,0,0,0,,,0,0,0,0,57,91.79784241,24.63827698
0,0,0,0,0,,,0,0,0,0,57,92.37924241,24.86227698
0,0,0,0,0,,,0,0,0,0,58,89.77634241,23.78487698
0,0,0,0,0,,,0,0,0,0,58,89.68564241,24.03027698
0,0,0,0,0,,,0,0,0,0,58,89.77104241,24.15827698
0,0,0,0,0,,,0,0,0,0,58,89.71764241,24.42497698
0,0,0,0,0,,,0,0,0,0,58,89.79764241,24.76097698
0,0,0,0,0,,,0,0,0,0,58,89.63764241,25.04897698
0,0,0,0,0,,,0,0,0,0,58,89.68034241,25.43297698
0,0,0,0,0,,,0,0,0,0,58,89.77634241,25.55037698
0,0,0,0,0,,,0,0,0,0,58,89.72294241,25.69977698
0,0,0,0,0,,,0,0,0,0,58,89.98434241,25.99857698
0,0,0,0,0,,,0,0,0,0,58,90.30974241,26.16917698
0,0,0,0,0,,,0,0,0,0,58,90.56574241,26.21717698
0,0,0,0,0,,,0,0,0,0,58,90.78974241,26.14787698
0,0,0,0,0,,,0,0,0,0,58,91.05114241,26.20117698
0,0,0,0,0,,,0,0,0,0,58,91.66474241,26.15857698
0,0,0,0,0,,,0,0,0,0,58,92.15544241,26.43587698
0,0,0,0,0,,,0,0,0,0,58,94.40114241,26.95857698
0,0,0,0,0,,,0,0,0,0,58,94.69444241,27.33727698
0,0,0,0,0,,,0,0,0,0,58,95.43054241,27.80667698
0,0,0,0,0,,,0,0,0,0,58,95.47854241,27.93467698
0,0,0,0,0,,,0,0,0,0,58,95.41454241,28.05197698
0,0,0,0,0,,,0,0,0,0,58,95.24924241,28.15867698
0,0,0,0,0,,,0,0,0,0,58,95.11584241,28.13217698
0,0,0,0,0,,,0,0,0,0,58,94.94514241,28.31347698
0,0,0,0,0,,,0,0,0,0,58,95.05184241,28.35087698
0,0,0,0,0,,,0,0,0,0,58,95.09984241,28.47887698
0,0,0,0,0,,,0,0,0,0,58,94.90254241,28.77747698
0,0,0,0,0,,,0,0,0,0,59,95.43054241,27.80147698
0,0,0,0,0,,,0,0,0,0,59,95.78264241,27.75387698
0,0,0,0,0,,,0,0,0,0,59,96.27324241,27.87617698
0,0,0,0,0,,,0,0,0,0,60,95.78264241,27.75387698
0,0,0,0,0,,,0,0,0,0,60,95.92124241,27.54007698
0,0,0,0,0,,,0,0,0,0,60,96.51864241,27.48147698
0,0,0,0,0,,,0,0,0,0,61,94.66244241,27.26267698
0,0,0,0,0,,,0,0,0,0,61,94.80644241,27.24667698
0,0,0,0,0,,,0,0,0,0,61,94.99314241,27.36937698
0,0,0,0,0,,,0,0,0,0,61,95.49984241,27.24137698
0,0,0,0,0,,,0,0,0,0,61,96.03854241,27.49207698
0,0,0,0,0,,,0,0,0,0,62,89.72294241,25.69977698
0,0,0,0,0,,,0,0,0,0,62,89.42954241,26.04657698
0,0,0,0,0,,,0,0,0,0,63,87.38634241,25.41717698
0,0,0,0,0,,,0,0,0,0,63,87.20504241,25.44387698
0,0,0,0,0,,,0,0,0,0,63,87.26904241,26.00917698
0,0,0,0,0,,,0,0,0,0,63,87.11964241,26.36127698
0,0,0,0,0,,,0,0,0,0,63,86.96504241,26.50527698
0,0,0,0,0,,,0,0,0,0,63,87.07164241,26.85197698
0,0,0,0,0,,,0,0,0,0,64,85.22084241,25.62517698
0,0,0,0,0,,,0,0,0,0,64,85.21864241,25.63007698
0,0,0,0,0,,,0,0,0,0,64,85.17284241,25.81717698
0,0,0,0,0,,,0,0,0,0,64,84.86884241,26.25457698
0,0,0,0,0,,,0,0,0,0,64,84.49014241,26.55327698
0,0,0,0,0,,,0,0,0,0,64,84.18614241,27.01727698
0,0,0,0,0,,,0,0,0,0,64,83.85544241,27.27857698
0,0,0,0,0,,,0,0,0,0,64,83.83944241,27.44397698
0,0,0,0,0,,,0,0,0,0,64,84.65554241,27.92937698
0,0,0,0,0,,,0,0,0,0,65,81.30004241,27.71077698
0,0,0,0,0,,,0,0,0,0,65,81.06534241,27.77477698
0,0,0,0,0,,,0,0,0,0,65,80.93734241,28.07877698
0,0,0,0,0,,,0,0,0,0,65,80.37734241,28.47877698
0,0,0,0,0,,,0,0,0,0,65,80.01994241,28.86817698
0,0,0,0,0,,,0,0,0,0,65,80.28664241,29.22017698
0,0,0,0,0,,,0,0,0,0,65,80.26534241,29.48687698
0,0,0,0,0,,,0,0,0,0,65,80.63864241,29.92427698
0,0,0,0,0,,,0,0,0,0,65,81.11874241,30.21757698
0,0,0,0,0,,,0,0,0,0,66,84.78354241,25.73187698
0,0,0,0,0,,,0,0,0,0,66,84.29284241,25.92387698
0,0,0,0,0,,,0,0,0,0,66,84.13814241,26.06787698
0,0,0,0,0,,,0,0,0,0,66,83.93014241,26.09457698
0,0,0,0,0,,,0,0,0,0,66,83.73814241,26.24917698
0,0,0,0,0,,,0,0,0,0,66,83.44444241,26.25987698
0,0,0,0,0,,,0,0,0,0,66,82.18574241,26.82527698
0,0,0,0,0,,,0,0,0,0,66,81.86574241,26.81457698
0,0,0,0,0,,,0,0,0,0,66,81.55634241,27.04397698
0,0,0,0,0,,,0,0,0,0,66,81.44404241,27.15057698
0,0,0,0,0,,,0,0,0,0,66,81.32144241,27.81197698
0,0,0,0,0,,,0,0,0,0,66,81.06004241,28.26547698
0,0,0,0,0,,,0,0,0,0,66,81.16674241,28.53747698
0,0,0,0,0,,,0,0,0,0,67,84.88994241,25.70797698
0,0,0,0,0,,,0,0,0,0,67,84.71394241,25.30797698
0,0,0,0,0,,,0,0,0,0,67,84.44724241,25.14797698
0,0,0,0,0,,,0,0,0,0,67,83.95654241,24.55587698
0,0,0,0,0,,,0,0,0,0,67,83.11384241,24.46517698
0,0,0,0,0,,,0,0,0,0,67,82.90044241,24.60927698
0,0,0,0,0,,,0,0,0,0,67,82.72444241,24.60387698
0,0,0,0,0,,,0,0,0,0,67,81.76944241,24.44097698
0,0,0,0,0,,,0,0,0,0,67,81.22004241,24.13697698
0,0,0,0,0,,,0,0,0,0,67,80.45734241,23.87557698
0,0,0,0,0,,,0,0,0,0,68,81.90824241,25.41717698
0,0,0,0,0,,,0,0,0,0,68,81.89944241,25.41717698
0,0,0,0,0,,,0,0,0,0,68,81.78554241,25.32647698
0,0,0,0,0,,,0,0,0,0,68,81.38014241,25.26777698
0,0,0,0,0,,,0,0,0,0,68,81.35884241,25.33717698
0,0,0,0,0,,,0,0,0,0,68,81.17744241,25.36917698
0,0,0,0,0,,,0,0,0,0,68,81.17214241,25.50777698
0,0,0,0,0,,,0,0,0,0,68,80.83584241,25.72137698
0,0,0,0,0,,,0,0,0,0,68,80.58544241,25.71047698
0,0,0,0,0,,,0,0,0,0,68,80.47344241,25.83317698
0,0,0,0,0,,,0,0,0,0,68,80.54274241,25.87047698
0,0,0,0,0,,,0,0,0,0,68,80.31344241,25.88647698
0,0,0,0,0,,,0,0,0,0,68,80.08384241,25.99317698
0,0,0,0,0,,,0,0,0,0,68,80.08384241,26.06787698
0,0,0,0,0,,,0,0,0,0,68,79.97344241,26.06577698
0,0,0,0,0,,,0,0,0,0,68,79.94514241,26.15317698
0,0,0,0,0,,,0,0,0,0,68,79.91844241,26.08917698
0,0,0,0,0,,,0,0,0,0,68,79.77974241,26.09987698
0,0,0,0,0,,,0,0,0,0,68,79.46514241,26.42517698
0,0,0,0,0,,,0,0,0,0,68,79.21444241,26.43057698
0,0,0,0,0,,,0,0,0,0,68,79.25744241,26.49407698
0,0,0,0,0,,,0,0,0,0,68,79.30504241,26.52657698
0,0,0,0,0,,,0,0,0,0,68,79.09174241,26.60117698
0,0,0,0,0,,,0,0,0,0,68,78.92104241,26.80387698
0,0,0,0,0,,,0,0,0,0,68,78.72374241,26.91057698
0,0,0,0,0,,,0,0,0,0,68,78.63304241,26.87857698
0,0,0,0,0,,,0,0,0,0,68,78.15804241,27.18807698
0,0,0,0,0,,,0,0,0,0,68,77.84334241,27.26807698
0,0,0,0,0,,,0,0,0,0,68,77.78454241,27.38537698
0,0,0,0,0,,,0,0,0,0,68,77.67804241,27.79077698
0,0,0,0,0,,,0,0,0,0,68,77.57134241,27.84407698
0,0,0,0,0,,,0,0,0,0,68,77.46464241,28.06807698
0,0,0,0,0,,,0,0,0,0,68,77.51794241,28.19077698
0,0,0,0,0,,,0,0,0,0,68,77.45394241,28.41477698
0,0,0,0,0,,,0,0,0,0,68,77.21394241,28.71877698
0,0,0,0,0,,,0,0,0,0,68,77.10734241,29.59357698
0,0,0,0,0,,,0,0,0,0,68,77.21394241,29.95107698
0,0,0,0,0,,,0,0,0,0,68,77.60864241,30.18577698
0,0,0,0,0,,,0,0,0,0,68,77.60334241,30.42047698
0,0,0,0,0,,,0,0,0,0,68,78.01934241,30.51117698
0,0,0,0,0,,,0,0,0,0,68,78.13674241,30.78847698
0,0,0,0,0,,,0,0,0,0,69,79.25744241,26.49407698
0,0,0,0,0,,,0,0,0,0,69,79.07564241,26.54267698
0,0,0,0,0,,,0,0,0,0,69,78.79834241,26.76667698
0,0,0,0,0,,,0,0,0,0,69,78.17964241,26.82527698
0,0,0,0,0,,,0,0,0,0,69,78.07294241,26.67597698
0,0,0,0,0,,,0,0,0,0,69,77.91294241,26.67067698
0,0,0,0,0,,,0,0,0,0,69,77.71024241,26.49997698
0,0,0,0,0,,,0,0,0,0,69,77.12884241,26.23327698
0,0,0,0,0,,,0,0,0,0,69,76.73374241,25.89707698
0,0,0,0,0,,,0,0,0,0,69,76.48314241,25.84377698
0,0,0,0,0,,,0,0,0,0,69,76.31774241,25.68377698
0,0,0,0,0,,,0,0,0,0,69,76.27504241,25.48647698
0,0,0,0,0,,,0,0,0,0,69,75.88574241,25.26237698
0,0,0,0,0,,,0,0,0,0,69,75.57104241,24.94777698
0,0,0,0,0,,,0,0,0,0,69,75.54974241,24.52637698
0,0,0,0,0,,,0,0,0,0,69,75.36304241,24.29697698
0,0,0,0,0,,,0,0,0,0,69,75.47504241,24.08367698
0,0,0,0,0,,,0,0,0,0,69,75.33104241,23.77427698
0,0,0,0,0,,,0,0,0,0,70,76.55774241,25.85447698
0,0,0,0,0,,,0,0,0,0,70,76.55774241,25.23577698
0,0,0,0,0,,,0,0,0,0,70,76.67514241,24.91567698
0,0,0,0,0,,,0,0,0,0,70,77.04844241,24.65967698
0,0,0,0,0,,,0,0,0,0,70,77.18714241,23.85967698
0,0,0,0,0,,,0,0,0,0,71,80.21184241,25.92387698
0,0,0,0,0,,,0,0,0,0,71,79.77974241,25.86517698
0,0,0,0,0,,,0,0,0,0,71,79.64644241,25.91857698
0,0,0,0,0,,,0,0,0,0,71,79.34774241,25.77457698
0,0,0,0,0,,,0,0,0,0,71,79.08644241,25.79587698
0,0,0,0,0,,,0,0,0,0,71,78.17964241,24.87317698
0,0,0,0,0,,,0,0,0,0,71,78.25434241,24.46777698
0,0,0,0,0,,,0,0,0,0,71,78.03034241,24.14777698
0,0,0,0,0,,,0,0,0,0,72,79.37974241,25.76917698
0,0,0,0,0,,,0,0,0,0,72,79.39044241,25.53447698
0,0,0,0,0,,,0,0,0,0,72,79.25704241,25.28917698
0,0,0,0,0,,,0,0,0,0,72,79.34244241,25.03317698
0,0,0,0,0,,,0,0,0,0,72,79.31574241,24.73447698
0,0,0,0,0,,,0,0,0,0,72,79.24104241,24.63847698
0,0,0,0,0,,,0,0,0,0,72,79.05444241,24.60107698
0,0,0,0,0,,,0,0,0,0,72,78.98504241,24.32907698
0,0,0,0,0,,,0,0,0,0,73,80.52654241,25.79057698
0,0,0,0,0,,,0,0,0,0,73,80.31844241,25.69987698
0,0,0,0,0,,,0,0,0,0,73,80.28114241,25.55587698
0,0,0,0,0,,,0,0,0,0,73,80.39314241,25.17717698
0,0,0,0,0,,,0,0,0,0,73,80.15314241,24.94247698
0,0,0,0,0,,,0,0,0,0,73,80.04644241,24.93177698
0,0,0,0,0,,,0,0,0,0,73,80.09444241,24.84647698
0,0,0,0,0,,,0,0,0,0,73,80.03044241,24.75047698
0,0,0,0,0,,,0,0,0,0,73,79.82244241,24.59577698
0,0,0,0,0,,,0,0,0,0,73,79.91844241,24.35577698
0,0,0,0,0,,,0,0,0,0,73,79.65174241,24.24377698
0,0,0,0,0,,,0,0,0,0,73,79.60374241,24.10507698
0,0,0,0,0,,,0,0,0,0,73,79.41714241,24.03037698
0,0,0,0,0,,,0,0,0,0,74,72.40794241,22.29677698
0,0,0,0,0,,,0,0,0,0,74,72.32794241,22.44077698
0,0,0,0,0,,,0,0,0,0,74,72.58394241,22.67547698
0,0,0,0,0,,,0,0,0,0,74,72.58394241,23.05407698
0,0,0,0,0,,,0,0,0,0,74,72.81334241,23.28877698
0,0,0,0,0,,,0,0,0,0,74,72.89864241,24.17417698
0,0,0,0,0,,,0,0,0,0,74,73.18664241,24.54217698
0,0,0,0,0,,,0,0,0,0,75,72.77594241,22.22207698
0,0,0,0,0,,,0,0,0,0,75,73.04794241,22.32337698
0,0,0,0,0,,,0,0,0,0,75,73.56004241,23.18747698
0,0,0,0,0,,,0,0,0,0,75,74.47744241,23.83287698
0,0,0,0,0,,,0,0,0,0,75,74.62674241,23.87547698
0,0,0,0,0,,,0,0,0,0,75,74.70674241,23.81687698
0,0,0,0,0,,,0,0,0,0,75,74.79744241,23.06477698
0,0,0,0,0,,,0,0,0,0,75,75.00014241,22.89947698
0,0,0,0,0,,,0,0,0,0,76,74.46144241,23.82757698
0,0,0,0,0,,,0,0,0,0,76,74.47204241,23.91827698
0,0,0,0,0,,,0,0,0,0,76,74.04534241,24.18497698
0,0,0,0,0,,,0,0,0,0,76,73.86934241,24.38767698
0,0,0,0,0,,,0,0,0,0,77,72.61584241,21.61397698
0,0,0,0,0,,,0,0,0,0,77,72.96254241,21.62997698
0,0,0,0,0,,,0,0,0,0,77,73.14924241,21.85397698
0,0,0,0,0,,,0,0,0,0,77,73.22924241,21.83797698
0,0,0,0,0,,,0,0,0,0,77,73.22394241,21.92337698
0,0,0,0,0,,,0,0,0,0,77,73.43194241,21.90197698
0,0,0,0,0,,,0,0,0,0,77,73.43724241,21.97667698
0,0,0,0,0,,,0,0,0,0,77,73.55994241,21.97667698
0,0,0,0,0,,,0,0,0,0,77,73.74124241,21.82737698
0,0,0,0,0,,,0,0,0,0,77,74.65334241,22.05667698
0,0,0,0,0,,,0,0,0,0,77,76.68064241,22.28607698
0,0,0,0,0,,,0,0,0,0,77,76.83004241,22.44067698
0,0,0,0,0,,,0,0,0,0,77,77.61404241,22.67007698
0,0,0,0,0,,,0,0,0,0,77,77.80074241,22.79807698
0,0,0,0,0,,,0,0,0,0,77,78.77684241,22.97407698
0,0,0,0,0,,,0,0,0,0,77,79.61954241,23.07547698
0,0,0,0,0,,,0,0,0,0,77,79.93954241,23.03277698
0,0,0,0,0,,,0,0,0,0,77,79.99294241,22.82477698
0,0,0,0,0,,,0,0,0,0,77,80.32354241,22.59537698
0,0,0,0,0,,,0,0,0,0,77,80.42494241,22.63277698
0,0,0,0,0,,,0,0,0,0,77,80.48894241,23.07547698
0,0,0,0,0,,,0,0,0,0,77,80.76094241,23.16077698
0,0,0,0,0,,,0,0,0,0,77,80.94784241,22.89407698
0,0,0,0,0,,,0,0,0,0,78,72.75444241,21.18197698
0,0,0,0,0,,,0,0,0,0,78,73.65054241,21.22467698
0,0,0,0,0,,,0,0,0,0,78,73.90124241,21.43267698
0,0,0,0,0,,,0,0,0,0,78,74.32794241,21.51267698
0,0,0,0,0,,,0,0,0,0,78,74.52524241,21.46997698
0,0,0,0,0,,,0,0,0,0,78,74.90924241,21.18197698
0,0,0,0,0,,,0,0,0,0,78,76.04584241,21.08597698
0,0,0,0,0,,,0,0,0,0,78,76.78724241,21.61937698
0,0,0,0,0,,,0,0,0,0,78,77.28854241,21.71537698
0,0,0,0,0,,,0,0,0,0,78,77.44324241,21.65667698
0,0,0,0,0,,,0,0,0,0,79,75.40014241,21.10187698
0,0,0,0,0,,,0,0,0,0,79,75.44814241,20.94187698
0,0,0,0,0,,,0,0,0,0,79,75.38414241,20.82987698
0,0,0,0,0,,,0,0,0,0,79,74.86684241,20.44577698
0,0,0,0,0,,,0,0,0,0,79,74.68544241,20.51517698
0,0,0,0,0,,,0,0,0,0,79,74.21074241,20.37647698
0,0,0,0,0,,,0,0,0,0,80,67.63574241,23.79537698
0,0,0,0,0,,,0,0,0,0,80,67.69844241,24.06187698
0,0,0,0,0,,,0,0,0,0,80,68.20014241,24.47737698
0,0,0,0,0,,,0,0,0,0,80,68.42754241,25.66897698
0,0,0,0,0,,,0,0,0,0,80,67.91794241,26.32747698
0,0,0,0,0,,,0,0,0,0,80,67.94144241,26.96247698
0,0,0,0,0,,,0,0,0,0,80,68.10604241,27.10357698
0,0,0,0,0,,,0,0,0,0,80,68.06694241,27.15847698
0,0,0,0,0,,,0,0,0,0,80,68.17664241,27.29957698
0,0,0,0,0,,,0,0,0,0,80,68.35694241,27.41717698
0,0,0,0,0,,,0,0,0,0,80,68.35694241,27.61317698
0,0,0,0,0,,,0,0,0,0,80,68.51374241,27.59747698
0,0,0,0,0,,,0,0,0,0,80,68.64704241,27.74647698
0,0,0,0,0,,,0,0,0,0,80,68.75674241,27.65237698
0,0,0,0,0,,,0,0,0,0,80,68.87434241,27.69157698
0,0,0,0,0,,,0,0,0,0,80,68.91354241,27.95817698
0,0,0,0,0,,,0,0,0,0,80,69.56424241,28.21687698
0,0,0,0,0,,,0,0,0,0,80,69.85434241,28.53037698
0,0,0,0,0,,,0,0,0,0,80,70.59124241,29.01417698
0,0,0,0,0,,,0,0,0,0,80,70.71664241,29.37477698
0,0,0,0,0,,,0,0,0,0,80,70.72454241,29.68057698
0,0,0,0,0,,,0,0,0,0,80,70.81074241,29.77467698
0,0,0,0,0,,,0,0,0,0,80,70.84994241,30.47237698
0,0,0,0,0,,,0,0,0,0,80,70.70884241,30.77027698
0,0,0,0,0,,,0,0,0,0,80,70.85774241,30.87997698
0,0,0,0,0,,,0,0,0,0,80,70.81074241,31.19357698
0,0,0,0,0,,,0,0,0,0,80,70.92834241,31.78937698
0,0,0,0,0,,,0,0,0,0,80,71.37514241,32.40867698
0,0,0,0,0,,,0,0,0,0,80,71.35954241,32.71477698
0,0,0,0,0,,,0,0,0,0,80,71.72014241,33.05187698
0,0,0,0,0,,,0,0,0,0,80,71.72794241,33.37327698
0,0,0,0,0,,,0,0,0,0,80,72.00234241,33.58497698
0,0,0,0,0,,,0,0,0,0,80,72.04934241,33.77307698
0,0,0,0,0,,,0,0,0,0,80,72.19834241,33.76527698
0,0,0,0,0,,,0,0,0,0,80,72.25334241,33.92987698
0,0,0,0,0,,,0,0,0,0,80,72.82904241,34.14157698
0,0,0,0,0,,,0,0,0,0,80,72.82904241,34.76087698
0,0,0,0,0,,,0,0,0,0,80,72.90744241,34.90977698
0,0,0,0,0,,,0,0,0,0,80,73.04074241,34.95687698
0,0,0,0,0,,,0,0,0,0,80,73.00154241,35.17637698
0,0,0,0,0,,,0,0,0,0,80,73.18974241,35.33317698
0,0,0,0,0,,,0,0,0,0,80,74.04424241,35.12927698
0,0,0,0,0,,,0,0,0,0,80,74.38134241,35.14497698
0,0,0,0,0,,,0,0,0,0,80,74.67134241,35.30967698
0,0,0,0,0,,,0,0,0,0,80,74.71054241,35.41157698
0,0,0,0,0,,,0,0,0,0,80,74.64004241,35.59187698
0,0,0,0,0,,,0,0,0,0,80,74.76544241,35.70157698
0,0,0,0,0,,,0,0,0,0,80,75.22014241,35.61537698
0,0,0,0,0,,,0,0,0,0,80,75.58864241,35.34887698
0,0,0,0,0,,,0,0,0,0,80,75.81594241,35.35667698
0,0,0,0,0,,,0,0,0,0,80,76.23144241,34.85497698
0,0,0,0,0,,,0,0,0,0,81,69.06594241,24.32587698
0,0,0,0,0,,,0,0,0,0,81,69.26194241,24.70997698
0,0,0,0,0,,,0,0,0,0,81,69.63044241,25.07847698
0,0,0,0,0,,,0,0,0,0,81,69.46574241,25.71347698
0,0,0,0,0,,,0,0,0,0,82,69.31684241,25.82317698
0,0,0,0,0,,,0,0,0,0,82,69.03464241,26.04277698
0,0,0,0,0,,,0,0,0,0,82,68.91704241,26.36417698
0,0,0,0,0,,,0,0,0,0,82,68.90134241,26.71697698
0,0,0,0,0,,,0,0,0,0,82,69.06594241,27.66547698
0,0,0,0,0,,,0,0,0,0,82,68.92484241,27.74387698
0,0,0,0,0,,,0,0,0,0,83,70.59474241,29.02207698
0,0,0,0,0,,,0,0,0,0,83,71.03384241,29.33567698
0,0,0,0,0,,,0,0,0,0,83,71.04944241,29.58657698
0,0,0,0,0,,,0,0,0,0,83,71.37094241,30.29997698
0,0,0,0,0,,,0,0,0,0,83,71.87334241,30.64027698
0,0,0,0,0,,,0,0,0,0,83,71.97454241,30.89577698
0,0,0,0,0,,,0,0,0,0,83,72.09994241,30.99767698
0,0,0,0,0,,,0,0,0,0,83,72.13914241,31.62477698
0,0,0,0,0,,,0,0,0,0,83,72.33514241,32.24417698
0,0,0,0,0,,,0,0,0,0,83,72.57814241,32.42447698
0,0,0,0,0,,,0,0,0,0,83,73.49544241,32.66747698
0,0,0,0,0,,,0,0,0,0,83,73.79334241,32.99677698
0,0,0,0,0,,,0,0,0,0,83,73.66004241,33.12997698
0,0,0,0,0,,,0,0,0,0,83,73.47184241,34.40037698
0,0,0,0,0,,,0,0,0,0,83,73.66784241,34.45517698
0,0,0,0,0,,,0,0,0,0,83,73.94224241,34.28277698
0,0,0,0,0,,,0,0,0,0,83,74.64784241,34.07107698
0,0,0,0,0,,,0,0,0,0,84,72.16264241,31.19387698
0,0,0,0,0,,,0,0,0,0,84,72.34304241,31.44477698
0,0,0,0,0,,,0,0,0,0,84,72.65654241,31.66427698
0,0,0,0,0,,,0,0,0,0,84,72.82904241,31.65637698
0,0,0,0,0,,,0,0,0,0,84,73.11124241,31.81317698
0,0,0,0,0,,,0,0,0,0,84,73.20534241,32.01697698
0,0,0,0,0,,,0,0,0,0,84,73.51104241,32.29137698
0,0,0,0,0,,,0,0,0,0,84,74.01284241,32.40897698
0,0,0,0,0,,,0,0,0,0,84,74.43614241,32.62067698
0,0,0,0,0,,,0,0,0,0,84,74.74974241,32.90287698
0,0,0,0,0,,,0,0,0,0,84,74.78104241,33.13027698
0,0,0,0,0,,,0,0,0,0,84,75.08684241,33.16157698
0,0,0,0,0,,,0,0,0,0,84,75.11814241,33.24777698
0,0,0,0,0,,,0,0,0,0,84,75.30634241,33.16157698
0,0,0,0,0,,,0,0,0,0,84,75.71404241,33.14587698
0,0,0,0,0,,,0,0,0,0,84,75.81594241,33.15377698
0,0,0,0,0,,,0,0,0,0,84,75.72184241,33.36537698
0,0,0,0,0,,,0,0,0,0,84,76.12944241,33.30267698
0,0,0,0,0,,,0,0,0,0,84,76.41954241,33.06747698
0,0,0,0,0,,,0,0,0,0,84,76.46674241,32.73037698
0,0,0,0,0,,,0,0,0,0,84,76.89784241,32.63637698
0,0,0,0,0,,,0,0,0,0,84,77.01544241,32.47167698
0,0,0,0,0,,,0,0,0,0,84,77.42314241,32.29137698
0,0,0,0,0,,,0,0,0,0,84,77.60344241,32.31487698
0,0,0,0,0,,,0,0,0,0,84,77.61124241,32.47957698
0,0,0,0,0,,,0,0,0,0,84,77.49364241,32.69907698
0,0,0,0,0,,,0,0,0,0,85,71.83344241,30.65277698
0,0,0,0,0,,,0,0,0,0,85,71.87334241,30.64027698
0,0,0,0,0,,,0,0,0,0,85,72.75064241,30.61357698
0,0,0,0,0,,,0,0,0,0,85,73.51894241,31.13877698
0,0,0,0,0,,,0,0,0,0,85,73.70714241,31.16227698
0,0,0,0,0,,,0,0,0,0,85,74.05204241,31.37397698
0,0,0,0,0,,,0,0,0,0,85,74.87514241,32.04817698
0,0,0,0,0,,,0,0,0,0,85,75.05554241,32.04037698
0,0,0,0,0,,,0,0,0,0,85,75.69834241,32.42447698
0,0,0,0,0,,,0,0,0,0,85,75.98844241,32.49507698
0,0,0,0,0,,,0,0,0,0,86,71.03384241,29.33567698
0,0,0,0,0,,,0,0,0,0,86,71.25334241,29.43757698
0,0,0,0,0,,,0,0,0,0,86,71.50414241,29.35137698
0,0,0,0,0,,,0,0,0,0,86,71.71584241,29.46897698
0,0,0,0,0,,,0,0,0,0,86,72.06084241,29.51597698
0,0,0,0,0,,,0,0,0,0,86,72.31954241,29.79037698
0,0,0,0,0,,,0,0,0,0,86,73.22884241,30.08827698
0,0,0,0,0,,,0,0,0,0,86,73.37004241,30.21377698
0,0,0,0,0,,,0,0,0,0,86,74.02854241,30.48027698
0,0,0,0,0,,,0,0,0,0,86,74.32644241,30.80957698
0,0,0,0,0,,,0,0,0,0,86,74.32644241,30.91147698
0,0,0,0,0,,,0,0,0,0,86,75.00064241,31.17017698
0,0,0,0,0,,,0,0,0,0,86,75.77674241,30.95067698
0,0,0,0,0,,,0,0,0,0,86,76.50584241,30.98197698
0,0,0,0,0,,,0,0,0,0,86,76.56064241,31.17797698
0,0,0,0,0,,,0,0,0,0,86,76.39604241,31.27207698
0,0,0,0,0,,,0,0,0,0,86,76.37254241,31.40537698
0,0,0,0,0,,,0,0,0,0,86,76.45094241,31.42887698
0,0,0,0,0,,,0,0,0,0,86,76.66264241,31.25637698
0,0,0,0,0,,,0,0,0,0,86,76.77234241,31.41317698
0,0,0,0,0,,,0,0,0,0,86,76.86644241,31.41317698
0,0,0,0,0,,,0,0,0,0,86,77.19564241,31.25637698
0,0,0,0,0,,,0,0,0,0,86,77.63474241,31.38967698
0,0,0,0,0,,,0,0,0,0,86,77.86994241,31.59347698
0,0,0,0,0,,,0,0,0,0,86,78.48924241,31.30337698
0,0,0,0,0,,,0,0,0,0,87,75.57294241,31.75807698
0,0,0,0,0,,,0,0,0,0,87,75.56514241,31.99327698
0,0,0,0,0,,,0,0,0,0,87,75.64354241,32.09517698
0,0,0,0,0,,,0,0,0,0,87,75.87084241,31.94627698
0,0,0,0,0,,,0,0,0,0,87,76.03544241,32.08737698
0,0,0,0,0,,,0,0,0,0,87,76.50584241,31.87567698
0,0,0,0,0,,,0,0,0,0,87,76.72534241,31.96977698
0,0,0,0,0,,,0,0,0,0,87,76.96054241,31.85217698
0,0,0,0,0,,,0,0,0,0,88,72.25674241,33.92197698
0,0,0,0,0,,,0,0,0,0,88,72.25334241,33.92987698
0,0,0,0,0,,,0,0,0,0,88,71.74714241,34.12587698
0,0,0,0,0,,,0,0,0,0,88,71.30814241,34.15717698
0,0,0,0,0,,,0,0,0,0,88,71.30034241,34.29827698
0,0,0,0,0,,,0,0,0,0,88,70.96324241,34.50997698
0,0,0,0,0,,,0,0,0,0,88,70.06954241,34.81577698
0,0,0,0,0,,,0,0,0,0,89,71.70794241,34.14937698
0,0,0,0,0,,,0,0,0,0,89,71.51194241,34.47077698
0,0,0,0,0,,,0,0,0,0,89,71.67664241,34.62757698
0,0,0,0,0,,,0,0,0,0,89,72.13134241,34.65897698
0,0,0,0,0,,,0,0,0,0,89,72.42924241,34.82357698
0,0,0,0,0,,,0,0,0,0,89,72.61734241,35.32527698
0,0,0,0,0,,,0,0,0,0,89,72.59384241,35.50557698
0,0,0,0,0,,,0,0,0,0,85,74.48845719,31.7391785
0,0,0,0,0,,,0,0,0,0,87,75.00442323,31.17107219
0,0,0,0,0,,,0,0,0,0,83,73.56327509,33.74428847
0,0,0,0,0,,,0,0,0,0,87,75.32145033,31.52516841
0,0,0,0,0,,,0,0,0,0,86,75.42680915,31.00495925
0,0,0,0,0,,,0,0,0,0,86,76.19066057,30.97861955
0,0,0,0,0,,,0,0,0,0,68,77.36586714,30.07015698
0,0,0,0,0,,,0,0,0,0,68,77.16173443,29.11534271
0,0,0,0,0,,,0,0,0,0,43,78.15605826,28.76634163
0,0,0,0,0,,,0,0,0,0,43,80.46247703,26.41084915
0,0,0,0,0,,,0,0,0,0,43,80.2479111,26.69898053
0,0,0,0,0,,,0,0,0,0,43,79.90460563,27.16489511
0,0,0,0,0,,,0,0,0,0,71,78.80112374,25.51580272
0,0,0,0,0,,,0,0,0,0,71,78.56203599,25.1786277
0,0,0,0,0,,,0,0,0,0,66,83.02645231,26.45448651
0,0,0,0,0,,,0,0,0,0,66,82.57952072,26.62208585
0,0,0,0,0,,,0,0,0,0,67,82.32413123,24.53906539
0,0,0,0,0,,,0,0,0,0,67,83.57713588,24.50714171
0,0,0,0,0,,,0,0,0,0,67,84.25551419,24.94609238
0,0,0,0,0,,,0,0,0,0,44,87.16153833,23.53901526
0,0,0,0,0,,,0,0,0,0,44,87.65358462,23.32209163
0,0,0,0,0,,,0,0,0,0,42,86.98694126,22.80359124
0,0,0,0,0,,,0,0,0,0,44,87.93928892,22.86179026
0,0,0,0,0,,,0,0,0,0,43,88.10859517,24.50723538
0,0,0,0,0,,,0,0,0,0,58,92.93319294,26.63872294
0,0,0,0,0,,,0,0,0,0,58,92.50693056,26.50955252
0,0,0,0,0,,,0,0,0,0,58,93.65654728,26.75497631
0,0,0,0,0,,,0,0,0,0,38,82.89528766,21.7054581
0,0,0,0,0,,,0,0,0,0,35,84.05026637,18.80369341
0,0,0,0,0,,,0,0,0,0,26,76.37391308,15.31012145
0,0,0,0,0,,,0,0,0,0,26,77.66252569,15.88283817
0,0,0,0,0,,,0,0,0,0,25,76.65072616,16.3601021
0,0,0,0,0,,,0,0,0,0,31,77.55752762,17.78234861
0,0,0,0,0,,,0,0,0,0,31,77.02299202,17.94461834
0,0,0,0,0,,,0,0,0,0,31,76.56481865,18.12597863
0,0,0,0,0,,,0,0,0,0,31,76.17346223,18.25961253
0,0,0,0,0,,,0,0,0,0,22,78.45525072,12.28043243
0,0,0,0,0,,,0,0,0,0,17,78.48011615,9.701629309
0,0,0,0,0,,,0,0,0,0,29,74.45265765,19.84752089
0,0,0,0,0,,,0,0,0,0,78,73.17719189,21.22983196
0,0,0,0,0,,,0,0,0,0,78,75.4476545,21.09627533
0,0,0,0,0,,,0,0,0,0,77,74.17218874,21.97774905
0,0,0,0,0,,,0,0,0,0,77,75.06701812,22.09795001
0,0,0,0,0,,,0,0,0,0,77,75.67470076,22.16472833
0,0,0,0,0,,,0,0,0,0,77,76.0887263,22.22482881
0,0,0,0,0,,,0,0,0,0,77,77.23731327,22.57875386
0,0,0,0,0,,,0,0,0,0,77,78.26710529,22.87257844
0,0,0,0,0,,,0,0,0,0,77,79.24206865,23.03284639
0,0,0,0,0,,,0,0,0,0,75,74.74032696,23.44019409
0,0,0,0,0,,,0,0,0,0,75,74.0858995,23.49361674
0,0,0,0,0,,,0,0,0,0,75,73.26452626,22.72566615
0,0,0,0,0,,,0,0,0,0,74,72.86385639,23.66056252